<?xml version="1.0" encoding="UTF-8"?>
<site>
   <feature url="features/org.scn.community.sdk.feature.datasource_1.0.0.201504291912.jar" id="org.scn.community.sdk.feature.datasource" version="1.0.0.201504291912">
      <category name="com.sap.ip.bi.zen.sdk"/>
   </feature>
   <feature url="features/org.scn.community.sdk.feature.geovis_1.0.0.201504291912.jar" id="org.scn.community.sdk.feature.geovis" version="1.0.0.201504291912">
      <category name="com.sap.ip.bi.zen.sdk"/>
   </feature>
   <feature url="features/org.scn.community.sdk.feature.main_1.0.0.201504291912.jar" id="org.scn.community.sdk.feature.main" version="1.0.0.201504291912">
      <category name="com.sap.ip.bi.zen.sdk"/>
   </feature>
   <category-def name="com.sap.ip.bi.zen.sdk" label="com.sap.ip.bi.zen.sdk"/>
</site>
