<?xml version="1.0" encoding="UTF-8"?>
<site>
   <feature url="features/org.scn.community.sdk.feature.datasource_2.0.0.201507152031.jar" id="org.scn.community.sdk.feature.datasource" version="2.0.0.201507152031">
      <category name="com.sap.ip.bi.zen.sdk"/>
   </feature>
   <feature url="features/org.scn.community.sdk.feature.geovis_2.0.0.201507152031.jar" id="org.scn.community.sdk.feature.geovis" version="2.0.0.201507152031">
      <category name="com.sap.ip.bi.zen.sdk"/>
   </feature>
   <feature url="features/org.scn.community.sdk.feature.main_2.0.0.201507152031.jar" id="org.scn.community.sdk.feature.main" version="2.0.0.201507152031">
      <category name="com.sap.ip.bi.zen.sdk"/>
   </feature>
   <feature url="features/org.scn.community.sdk.feature.prototypes_2.0.0.201507152031.jar" id="org.scn.community.sdk.feature.prototypes" version="2.0.0.201507152031">
      <category name="com.sap.ip.bi.zen.sdk"/>
   </feature>
   <category-def name="com.sap.ip.bi.zen.sdk" label="com.sap.ip.bi.zen.sdk"/>
</site>
